filename, pushdown, pushup
354_png.rf.c876477cfb06b33a21ac68ac63518eab.jpg, 0, 1
10_93775_jpg.rf.c8575604d88924d2ff03ae49eacd63e8.jpg, 0, 1
381_png.rf.c9923d17cc459f7fc41590db12cfc629.jpg, 1, 0
10_86796_jpg.rf.c6d2a5edfd9c6ef01bed785b5c5b56ae.jpg, 1, 0
10_png.rf.c89262161eab117235c577d0aa2e7a2f.jpg, 1, 0
5_42231_jpg.rf.c7a6cc5ddf5d7e3ff2f9c1dcfd7e1499.jpg, 0, 1
251_png.rf.c7a2936af11ef164972b9e9c1aa047d5.jpg, 0, 1
251_png.rf.c9f8d5d2bf609379ea5177b5045c3b06.jpg, 0, 1
5_04774_jpg.rf.c8c06f061824f811f9e447b5b6f83222.jpg, 0, 1
15_93074_jpg.rf.cdb34124160558c973ace58682ffd0c4.jpg, 0, 1
12_76246_jpg.rf.c90ec4817607ac4ddf6d8b6fcd7d6eca.jpg, 1, 0
6_24627_jpg.rf.cf2380326334bf92e127725b8da5f1cd.jpg, 1, 0
4_43739_jpg.rf.ca00b2a2dde1475f3202787a429651fb.jpg, 0, 1
9_93652_jpg.rf.c9333e8cc5b71ca85346f0b9e35be889.jpg, 0, 1
6_99223_jpg.rf.cd57bcdd0301885d1192a372344931b8.jpg, 1, 0
17_65299_jpg.rf.cd494a846ba67ae533f7a076d1fff654.jpg, 0, 1
trial_000001052022_15_6_png.rf.c716c919ca828ef78e3bd1b0c406caf9.jpg, 1, 0
3_82044_jpg.rf.cf329bcd1dbeffdcd614c26b955b3036.jpg, 0, 1
15_png.rf.cc4f55abd64c67493fe170b449e5235c.jpg, 1, 0
WIN_20230226_16_11_11_Pro_jpg.rf.ca0d1df2f3c6e27d1bab66ab21e9d2cc.jpg, 0, 1
13_77993_jpg.rf.cb772ebc981a47f6c26020dfa47a5749.jpg, 1, 0
3_82044_jpg.rf.c93224260095ea0d3e621ff4b6ebbd14.jpg, 0, 1
11_69148_jpg.rf.ca1c356038e23edeabffc662ad4af6eb.jpg, 1, 0
1_40356_jpg.rf.cf8d80b52cfd63aaa317a8d0248bca05.jpg, 0, 1
5_30513_jpg.rf.d4de14cef373fa042f5d25ccef695729.jpg, 1, 0
19_64156_jpg.rf.d22f7501349617754f2222d4e38a5cb0.jpg, 0, 1
5_30513_jpg.rf.d6235071bb9772e7de06e454d7ec918d.jpg, 1, 0
3_90867_jpg.rf.d0604ebdc1c7c832f3c4a1f8f40b1337.jpg, 0, 1
trial_000001052022_15_1_png.rf.d83a1cd4adef93e386269f9df1522345.jpg, 0, 1
2_24753_jpg.rf.d909c2941960641852f3662e8378899f.jpg, 1, 0
8_24164_jpg.rf.d41cc927b374a1b06257313f86d15c8a.jpg, 1, 0
4_20712_jpg.rf.d3b5c9a630ceb0d31f0d2ef76bd13550.jpg, 1, 0
9_74481_jpg.rf.d573601b81b45094af7e43c54c61fef9.jpg, 0, 1
3_74391_jpg.rf.d216f44178eb827c3212148ac537d65d.jpg, 1, 0
394_png.rf.d7779a08f95cdb88b68fbdcf99f08666.jpg, 0, 1
WIN_20230226_16_10_46_Pro_jpg.rf.d48c8cf08d07c5ea1dda1da55e7ec38b.jpg, 0, 1
11_09204_jpg.rf.d85c8432aae51a5a183cb106b52cc42a.jpg, 0, 1
337_png.rf.d1b190162981056f8e1d4f6485501bff.jpg, 1, 0
11_63462_jpg.rf.d19d48e876a3470d11c7589abe1a81d1.jpg, 0, 1
trial_03052022-0000_3_5_png.rf.d93b73e7ac652cdc3dbb0ac4da198594.jpg, 1, 0
13_83904_jpg.rf.d90a8369bc38b4ec19beede6bc1207b6.jpg, 0, 1
286_png.rf.d43c00c5e6c946b5b75c08c20e744069.jpg, 1, 0
16_66313_jpg.rf.d248fb82de0e3386aac1836432a58f34.jpg, 1, 0
8_88511_jpg.rf.da00ede540e8c6b5192e5c4c4dcfad1c.jpg, 0, 1
3_90867_jpg.rf.d243ae4a3be3a8c938b250c6906a1662.jpg, 0, 1
2_37557_jpg.rf.d5538ef8235a72c0b17673cebd05f9df.jpg, 0, 1
17_29866_jpg.rf.db02f12fcf3aad3639ba6fdb3161bbb4.jpg, 0, 1
16_66313_jpg.rf.cd63741ccd48d7341c10df21ea1c920b.jpg, 1, 0
8_50074_jpg.rf.d9a6c086ace7bdc2e0c9201cce515698.jpg, 0, 1
529_png.rf.dc97ba47bcbbbf15447925773c7b701f.jpg, 0, 1
7_07148_jpg.rf.db6a291abde4f3ef48e02bd1330ed696.jpg, 1, 0
17_04457_jpg.rf.dbd85c73ace88006f8ce089381ff4dc8.jpg, 1, 0
WIN_20230226_16_11_26_Pro_jpg.rf.e0b5dd99907d46943ae0f1524d2e3f05.jpg, 0, 1
12_41158_jpg.rf.e0b3c429f598f51f57bb93878c5253c2.jpg, 1, 0
217_png.rf.df158910a50ad23b7b78b2555b0898ed.jpg, 1, 0
11_56596_jpg.rf.debe72e49acfe6d4ce319beb7563c704.jpg, 1, 0
16_53522_jpg.rf.e0335981afadc0aa59e2b31665d41154.jpg, 0, 1
3_17205_jpg.rf.de8dcaa439c40a3231fc4553e910574d.jpg, 0, 1
8_84783_jpg.rf.dbd00fc34cf05ee0777c615ef9a23af0.jpg, 0, 1
286_png.rf.e0ebeba40e788aba6ec6b1363b178cdb.jpg, 1, 0
6_16058_jpg.rf.de95bad1253926dfa00b58e5f392437f.jpg, 1, 0
14_08836_jpg.rf.d9ff439ab39794381ec6b03e39a930d1.jpg, 1, 0
7_79313_jpg.rf.e105f39f6e6f5295d2ad2221d17c92a3.jpg, 1, 0
15_png.rf.e28b45c5eb761f77e3e227207e7cff2d.jpg, 1, 0
WIN_20230226_16_11_44_Pro_jpg.rf.df43906297f097d9578dcfdedbe85dbf.jpg, 1, 0
5_98572_jpg.rf.e46118305c23240ac04f6f8c28e0af20.jpg, 1, 0
16_83432_jpg.rf.e47cc47e82800622b7821bfabf204ebd.jpg, 0, 1
4_20712_jpg.rf.e116014ebb31971ae5a1adba51edfcd8.jpg, 1, 0
12_06336_jpg.rf.ddf0b2263cbbd94dbb969d219d8d11a4.jpg, 0, 1
14_08836_jpg.rf.e443a8a7687eca72a92a4792dec6d9ae.jpg, 1, 0
4_43739_jpg.rf.e350a26419a0e21965e6fc4a36836e97.jpg, 0, 1
15_08833_jpg.rf.dcc807284c5a41b03ce249c5dddc1141.jpg, 1, 0
8_06272_jpg.rf.e4eaf6c48615928f2d3e9290ce9a48ca.jpg, 0, 1
14_00865_jpg.rf.e2ccc6e0735472633368fa663555b557.jpg, 1, 0
18_50143_jpg.rf.e54efb67e39bc658a0dda5e0f50bf340.jpg, 0, 1
16_66313_jpg.rf.e5b501cc87628b44f39c6466e68389e8.jpg, 1, 0
trial_000002052022_1_0_png.rf.e6dfb9216b57cc10165c675f6cbe783b.jpg, 0, 1
10_95723_jpg.rf.e5dec06deadb5e11212b9f03fa10e976.jpg, 1, 0
3_92031_jpg.rf.e907be54f27697efa9a4e039e9608d96.jpg, 1, 0
3_38032_jpg.rf.e739911d4d8e4bce289f11fe33f03b2c.jpg, 1, 0
9_15924_jpg.rf.e4fd018e5bfd9b5983706a3facad8e23.jpg, 1, 0
9_92104_jpg.rf.ebaa91771cd36c2ddfb425c3a51e45e1.jpg, 0, 1
12_50877_jpg.rf.e7e0850269a26853b14d0965344b0bfa.jpg, 0, 1
6_50599_jpg.rf.ea2a18e9d94e37cdb5f8b6a789bdddc4.jpg, 0, 1
16_03777_jpg.rf.e57765cdc80ecc311d84b4cfbc133903.jpg, 1, 0
359_png.rf.e5c5fb053078dfe5434269f8e8345e96.jpg, 0, 1
15_17665_jpg.rf.ef4e0a4cd52dac1c76c8a32d98c8376e.jpg, 0, 1
17_14317_jpg.rf.f0ff1844ba59fd2a79b50a432d63c3aa.jpg, 1, 0
4_43739_jpg.rf.f1b66dc58b4ee706b622e08472460e0d.jpg, 0, 1
12_84222_jpg.rf.ed710ff77a1477ce7cbf33b7cb622fe6.jpg, 0, 1
202_png.rf.f242eca6cb922ad8be5516462dccd872.jpg, 1, 0
11_69148_jpg.rf.eb45ad613269dd7783fad4e0b5d49086.jpg, 1, 0
1_10798_jpg.rf.f0cbd8da34e0769dd63727c695d271cd.jpg, 0, 1
5_56517_jpg.rf.f1036d1dae4d76174948e5765ccf082a.jpg, 0, 1
394_png.rf.f1ea0b0be3f5ef77b8b08e82a7fe4a2c.jpg, 0, 1
354_png.rf.f7513c1e27812c4226e01079a5753101.jpg, 0, 1
3_79006_jpg.rf.ee7ead0a9a1d9ae30e6dc23a63a5049d.jpg, 1, 0
13_96569_jpg.rf.f51ee03477bf2dfda056bc35bb6170e2.jpg, 1, 0
15_93074_jpg.rf.f112021d3f27719f8fc45e24ac72b5c3.jpg, 0, 1
354_png.rf.f267eed0062401bf1b73bc3ba6b29415.jpg, 0, 1
4_20712_jpg.rf.ec99d2f507419f91a148512e52fc97d6.jpg, 1, 0
12_76246_jpg.rf.eeed51cc4b5e9d6d9ffe0322a864625f.jpg, 1, 0
trial_000001052022_15_6_png.rf.f41a38e230d234ffa9a633eb093779cb.jpg, 1, 0
2_85454_jpg.rf.f5dc6d63a525aa9cd2c5157cf8abb1a6.jpg, 0, 1
trial_03052022-0000_3_5_png.rf.f78730e5b57c65c70d3a3db88ce14959.jpg, 1, 0
18_28072_jpg.rf.f8a134aece608c98d2be1483a52c3c9c.jpg, 1, 0
10_38248_jpg.rf.f84d734d8be32775417dc81d41a0ea1b.jpg, 0, 1
3_54598_jpg.rf.f8be75332717cb0d94f3c81ca02a7a00.jpg, 0, 1
3_74391_jpg.rf.f88757e2969ce7f8958587f88cc0e305.jpg, 1, 0
238_png.rf.f7e40d886c94ddad358639540cda8589.jpg, 0, 1
14_40417_jpg.rf.f84ca68439e4a5e6e6f7a27ebd684b86.jpg, 0, 1
5_42231_jpg.rf.efd568516b239a3540fd0bb57d661603.jpg, 0, 1
6_03982_jpg.rf.faa3537efa7a3f7ec165b0d64036f8c8.jpg, 1, 0
13_44847_jpg.rf.f7bf46dd2380dd4fc7bb925eff267b1b.jpg, 0, 1
514_png.rf.f7f8ae58de8d1ddc826140eac5abd67f.jpg, 0, 1
3_18485_jpg.rf.f9b7cc7c5bb102ea2b9192a95314d60c.jpg, 1, 0
2_37557_jpg.rf.fb64bb1e6249796fbd017325634823e4.jpg, 0, 1
4_10877_jpg.rf.fa911054d3d3863778d13d46df2d5e73.jpg, 1, 0
18_28072_jpg.rf.f69a8ec6243b19c4d120cdd92432cbf3.jpg, 1, 0
6_99223_jpg.rf.fcc80df9dd466a3177d41101adea24ab.jpg, 1, 0
16_83432_jpg.rf.fbd5183594bea76ab3b754bdc322cfbd.jpg, 0, 1
18_90588_jpg.rf.fdf9f0b722b2b5f4c803ca5d9f48c2a8.jpg, 1, 0
2_92624_jpg.rf.f9d2627d10426460ec3922ef58d4b57e.jpg, 0, 1
8_24164_jpg.rf.fba2986a9b874d8841860920e9d1bb18.jpg, 1, 0
trial_03052022-0000_7_1_png.rf.ffa2afba308a7dccddf8cc77c2ac7b7d.jpg, 1, 0
2_92624_jpg.rf.fdb8bd6cdf6a4f559cff7aaa0e0cc895.jpg, 0, 1
8_79412_jpg.rf.ff2e5f5630b29a3a292e0ee122b765ca.jpg, 0, 1
12_41158_jpg.rf.fb9c0e5b68bf193ab256bcaf03858ae6.jpg, 1, 0
14_25483_jpg.rf.fd00813ad73c89fb1caf34e923652b50.jpg, 0, 1
trial_01052022_1_0_png.rf.fe8232de9aceed09c44ad2426312f123.jpg, 0, 1
WIN_20230226_16_11_54_Pro_jpg.rf.e7ffa64c1a1652efa858d985d248ee09.jpg, 1, 0
WIN_20230226_16_11_54_Pro_jpg.rf.fe218a0374cea2ad5fca909f1bb70def.jpg, 1, 0
2_28335_jpg.rf.fe61feac1dc68b81759c27fdc6e5b229.jpg, 1, 0
1_44941_jpg.rf.002be5c42513c647678a00d6fbd7a8cf.jpg, 1, 0
8_06272_jpg.rf.0411af083255a0d68c804d126266e566.jpg, 0, 1
trial_03052022-0000_24_1_png.rf.01fd6421d256e1786f82a917109b4a89.jpg, 1, 0
9_15924_jpg.rf.0099c53c996f2ea51dfc1f7a78906744.jpg, 1, 0
15_63611_jpg.rf.03ddb2a89cc10d810c6bf7576f137993.jpg, 1, 0
10_27076_jpg.rf.02160fe1720ca1e91b5519134942bc44.jpg, 1, 0
2_85454_jpg.rf.03125ca9f4aad9e3e4dd213444942930.jpg, 0, 1
1_37148_jpg.rf.04f89a1f59b78d7858ce90468b2de8d7.jpg, 1, 0
9_93652_jpg.rf.0355d10e77ecb2ba8cd33bb14da17505.jpg, 0, 1
2_19775_jpg.rf.017461c691a3369d07ed1f7f8dfe8d31.jpg, 0, 1
1_11102_jpg.rf.0585a51c2a2483abe35db40e5a784193.jpg, 0, 1
1_44941_jpg.rf.03ee218316cd8f83933a19297cf2100c.jpg, 1, 0
7_43463_jpg.rf.061bc0712050680af13c80e29918b277.jpg, 1, 0
trial_000002052022_15_9_png.rf.0466de9a585a90f5d7f99d1302ea5794.jpg, 1, 0
5_53106_jpg.rf.013dd0491a8167e39dab440fb615b985.jpg, 0, 1
13_20226_jpg.rf.06372e8534f3ed1b26a8c72f444f1717.jpg, 0, 1
562_png.rf.06b368c1318a6649396ff2481e4b7132.jpg, 0, 1
4_00842_jpg.rf.00f911409de860cb9769bc9a1f6ea8e0.jpg, 1, 0
7_08933_jpg.rf.09b80ffdddc63d7c1dff9dee880611f9.jpg, 0, 1
7_07148_jpg.rf.08c2c891271882d2c699357737e4700e.jpg, 1, 0
2_41767_jpg.rf.0a2eb1391ffb22366d4398dcc6b9f6e6.jpg, 0, 1
11_59115_jpg.rf.08a9eefccd8ec4b2a1fb61a60b0e0e3b.jpg, 0, 1
trial_000001052022_5_1_png.rf.0727d2cf45cd450e49ca8780e6820b0f.jpg, 0, 1
1_40356_jpg.rf.07707648add324640dadf4a4820b7589.jpg, 0, 1
6_59364_jpg.rf.089ea0a0bd7a09cecdad3d03719437b4.jpg, 0, 1
359_png.rf.08fc4d6632741ec09fbadba685651aef.jpg, 0, 1
1_10798_jpg.rf.09feac76703bbaa7cdbed6ca229128f1.jpg, 0, 1
13_77993_jpg.rf.09f68681e6adb18c4e2a2b24d2420384.jpg, 1, 0
17_14317_jpg.rf.06ed0823f255fb3cf6865d4e5ebf55ce.jpg, 1, 0
3_30299_jpg.rf.0a6d30edfb24c5b7bcd04d8b30601b52.jpg, 0, 1
5_98572_jpg.rf.0e5fef8988225db4cec3e20a20a0f9bb.jpg, 1, 0
15_png.rf.10b6fec721ca63a83b7c0273ba1844aa.jpg, 1, 0
318_png.rf.0ec84c1f183443068fc4a344391b623f.jpg, 0, 1
9_91813_jpg.rf.11800a125d85157b29ed06762aee4906.jpg, 0, 1
2_91603_jpg.rf.0cfc62e1e94bd8eef9c959e098f5a63b.jpg, 0, 1
4_27674_jpg.rf.0fd670bffa307c2aaef28125dd3185dc.jpg, 0, 1
35_png.rf.11935ba6dfccaea9d8ad42d1e1aa59cd.jpg, 1, 0
2_91603_jpg.rf.0bd27531e1f2c561cc4234684a628943.jpg, 0, 1
254_png.rf.112b03b22d2a0ebe4af89d1c7d3dc888.jpg, 1, 0
18_90588_jpg.rf.1490331698638b8d2621819210e971e8.jpg, 1, 0
14_64897_jpg.rf.0eeecfe19ec6ef2b983f368fb61c1f6d.jpg, 1, 0
2_91603_jpg.rf.06b0c5cee30bdc8f1b018c70864d63a5.jpg, 0, 1
3_92031_jpg.rf.0ec945fa27f540d5a910b2a52497b1ec.jpg, 1, 0
6_47159_jpg.rf.16163c081a5d9357ba5f35260253331e.jpg, 0, 1
19_62034_jpg.rf.13d72d35447d86eca52b9ad117eec8b8.jpg, 1, 0
14_69082_jpg.rf.1666cfb3f33fcfa6a406fab8c310cff4.jpg, 0, 1
8_57358_jpg.rf.11bf111d334773855329d34874a6f6de.jpg, 1, 0
10_png.rf.163ff723f95a8331c09535498a86b7f7.jpg, 1, 0
13_44847_jpg.rf.175289934453b3926737e04be0572a66.jpg, 0, 1
217_png.rf.16b0f31fdd44ce606c65e3a8cafe8635.jpg, 1, 0
14_69082_jpg.rf.12f39a1b47049e2148104bf33422b38b.jpg, 0, 1
9_92104_jpg.rf.0552a9c49c6aece7ab54130ded616302.jpg, 0, 1
6_99223_jpg.rf.1567bf6ce126cc856ced63f9a6beb159.jpg, 1, 0
10_-6052_jpg.rf.1715f251e6404216ea789f1eeb67cd47.jpg, 0, 1
4_72572_jpg.rf.19b2a9fdc0fc07f2d6d3e8183e3c1bd7.jpg, 0, 1
12_06336_jpg.rf.1916dc537c3478f3a37e5f0ba6db64d7.jpg, 0, 1
14_64897_jpg.rf.1c480737909209ada99ade3fa05d5c0c.jpg, 1, 0
18_28072_jpg.rf.195747a6792b136e4218963d77ec57f2.jpg, 1, 0
3_77094_jpg.rf.1ab26da406e282a2193d3d8503abe7c7.jpg, 0, 1
10_19922_jpg.rf.1917ae793706158833e301ba6433be04.jpg, 1, 0
12_30396_jpg.rf.1c8efb45e213f9976c3efb6a2374ad27.jpg, 0, 1
206_png.rf.1c2ac5ad291c3316af86d053ec651df3.jpg, 1, 0
6_03982_jpg.rf.1bf4a36be3d197460f986d2ac8b42bca.jpg, 1, 0
251_png.rf.15ee7612d30ef97a5bdeff12006c5274.jpg, 0, 1
16_53522_jpg.rf.1894ff0a1797a734158a497870dadefa.jpg, 0, 1
WIN_20230226_16_12_21_Pro_jpg.rf.14a125736a8773088b99df8acdc0241a.jpg, 1, 0
14_00865_jpg.rf.22263ae03a183ccdde176b19e2f9e6d7.jpg, 1, 0
406_png.rf.1de55bad2c37f7c13c38dfccc83f3c67.jpg, 0, 1
13_83904_jpg.rf.1ddbcbf9b279dfbc14875977a686913f.jpg, 0, 1
18_90588_jpg.rf.2100c69f614d88010a5516ed93fe6883.jpg, 1, 0
2_41767_jpg.rf.1d634b25d76ac2c5efce87e5bef207f4.jpg, 0, 1
3_79006_jpg.rf.1fcf4f5fbb94f75b35a9caf54f43a201.jpg, 1, 0
14_38975_jpg.rf.22eb23d68222c21e9af06090a651f5c9.jpg, 0, 1
trial_000001052022_5_1_png.rf.1fe926ab6725c826d72bf53fe0d16a6f.jpg, 0, 1
238_png.rf.1aed86bd52f8005b6c8b42417d90b721.jpg, 0, 1
2_24753_jpg.rf.226b13e76098ce0b441e74b7bec0d3d7.jpg, 1, 0
16_84328_jpg.rf.22fe152d07c27b91d210838130611fa9.jpg, 1, 0
WIN_20230226_16_11_59_Pro_jpg.rf.1ee93b40c49d77dd2eac36eaf9b2c936.jpg, 1, 0
337_png.rf.230d9ebe404bd6bd83eab4430c939faf.jpg, 1, 0
13_96569_jpg.rf.2294584e137092fe256ef2761ef2f890.jpg, 1, 0
9_93652_jpg.rf.1c8def87516fdfd28591111d0e235db7.jpg, 0, 1
14_80842_jpg.rf.22c31ca0f7d94c1b457d03130f197c61.jpg, 0, 1
WIN_20230226_16_11_11_Pro_jpg.rf.285a72a9d90d1aa2c56b71504b478aae.jpg, 0, 1
5_05285_jpg.rf.251aa4f13724e71056da1a538dd8ce94.jpg, 1, 0
6_59364_jpg.rf.28988db4b2a9de524effdf4a27585bb3.jpg, 0, 1
10_38248_jpg.rf.21fcfc4dbd1eda9d73c529638d313d57.jpg, 0, 1
13_83904_jpg.rf.26fbeade21fec4bf4e2ee3c847fe098b.jpg, 0, 1
trial_000002052022_11_9_png.rf.25dd0f84e0f7342bdfdef1e1883dd359.jpg, 1, 0
6_22397_jpg.rf.2402474d676a860c29c2052f6169e828.jpg, 0, 1
WIN_20230226_16_11_59_Pro_jpg.rf.28b109010f7be94378affed44c6412b0.jpg, 1, 0
WIN_20230226_16_11_12_Pro_jpg.rf.2946f23626093e48b764aa94c23373af.jpg, 0, 1
206_png.rf.296cdb1d01503e819ad250f066b4e0aa.jpg, 1, 0
254_png.rf.2a66e07ad553552462ebf0dad6d863eb.jpg, 1, 0
14_40417_jpg.rf.23313cf84646445ff5f28ea2b67ba9de.jpg, 0, 1
1_64918_jpg.rf.28c0cececbdc74eeb54a2b0bb2f1152d.jpg, 1, 0
7_07148_jpg.rf.2b437698ec77cb02e06729ea899455f9.jpg, 1, 0
9_74481_jpg.rf.2adb0f0fe5b30a3be7e8a3a5e254ae7d.jpg, 0, 1
15_51686_jpg.rf.2b27591255df314be8a1b31aa3ebc1d4.jpg, 1, 0
11_29324_jpg.rf.289ee26be54c582e4a3da664a9de54a6.jpg, 0, 1
WIN_20230226_16_11_26_Pro_jpg.rf.2b497e92134d55321305efaca21a6e91.jpg, 0, 1
11_09204_jpg.rf.28a219e3ac9d4238f7ca752c05117f31.jpg, 0, 1
trial_000002052022_2_1_png.rf.2c325a4d7c88acabe492e310b39f8bfd.jpg, 0, 1
8_88511_jpg.rf.2b6e8ef9df8dab20b124b8fff0bab805.jpg, 0, 1
6_24627_jpg.rf.2aa09ad74215f8e927d44075f4807cbd.jpg, 1, 0
trial_000001052022_5_1_png.rf.29b7a729deb027ac43b856c2f029b9de.jpg, 0, 1
9_55297_jpg.rf.2a538682752aa41a5b9126e1a2fd2131.jpg, 1, 0
11_11815_jpg.rf.2a5b0856bd9f37369e55cefd9b2c520d.jpg, 1, 0
277_png.rf.2e1f8ecff90d91bd63dd0299f6d8f97a.jpg, 0, 1
trial_01052022_1_0_png.rf.2f27ff4c611213f3d84a1f60e490008a.jpg, 0, 1
337_png.rf.2e72b971c4770a129e87d9cdf880f716.jpg, 1, 0
7_64004_jpg.rf.29d2563ec5d5e3c52e343084b9725c07.jpg, 1, 0
14_64897_jpg.rf.2dbea1b61cbf997edcc0e237e61ee12e.jpg, 1, 0
35_png.rf.30f2754c65e9233fa49576eb932e66ff.jpg, 1, 0
10_19922_jpg.rf.307ade77a8e4761a49984d2a1710f3b5.jpg, 1, 0
7_79313_jpg.rf.314fd0e943378eaa43ecc839b5be0517.jpg, 1, 0
35_png.rf.31f6dc227c5b370ea705ea7c29c517b8.jpg, 1, 0
17_65299_jpg.rf.3002ccfe47176e7a9c1d5a6875df8f01.jpg, 0, 1
514_png.rf.2fdb6d3fa66401278af592ffe74df546.jpg, 0, 1
17_04457_jpg.rf.331157f0a97c063a83813558fb224989.jpg, 1, 0
12_76246_jpg.rf.24246243cc518eab6653cc427136b9fc.jpg, 1, 0
17_29866_jpg.rf.37115ebf783602672350f3dbd513b4cb.jpg, 0, 1
481_png.rf.346320a6ea55b50eb2c5f38edcd53b55.jpg, 0, 1
13_94063_jpg.rf.344979d45762e025abfcad47c5c8c0be.jpg, 1, 0
trial_000001052022_18_7_png.rf.32c72e8c4f49e05130c71a7f4aa09944.jpg, 1, 0
WIN_20230226_16_12_21_Pro_jpg.rf.375aa7453114af8153888f267de44794.jpg, 1, 0
5_30513_jpg.rf.39e5015ffb4dfa4f8aa0de276eaf36f2.jpg, 1, 0
13_94063_jpg.rf.35d39615e10e0c1b581b98b1f35dff97.jpg, 1, 0
1_11102_jpg.rf.3312f893034f2060741661cbedfdbf6d.jpg, 0, 1
8_84783_jpg.rf.33ad790c599d7cfab2a7e59f1a0019fc.jpg, 0, 1
9_39177_jpg.rf.3336da98968581d7d60a7954d7fd5a32.jpg, 1, 0
trial_000001052022_18_8_png.rf.34486a5ece842a1e2b4e314fbd1fc728.jpg, 1, 0
277_png.rf.379e80ea99a4dee028e71ee944bda0d1.jpg, 0, 1
6_24627_jpg.rf.3b6e9d81bb11777e0d4aac8774d49c7b.jpg, 1, 0
19_62034_jpg.rf.3499038b773cef9d96e34cf46083bd21.jpg, 1, 0
3_17205_jpg.rf.3bc385289e466adbf43102ca38dd5aea.jpg, 0, 1
2_36906_jpg.rf.2b234136b703fe00f1c960104e526b98.jpg, 0, 1
WIN_20230226_16_11_17_Pro_jpg.rf.3b241bfa0a4fd5ad99dbd2acccb398f1.jpg, 0, 1
3_74391_jpg.rf.339314fbab0c7984a31e305d4f78474a.jpg, 1, 0
9_92104_jpg.rf.3f50b319aa99f288ce969b8625103b1f.jpg, 0, 1
10_38248_jpg.rf.3c6c99c421510f359c9379d4265d5cb5.jpg, 0, 1
12_41158_jpg.rf.3bd38305e10169f79f1900516fd2ad76.jpg, 1, 0
7_79313_jpg.rf.3f60291c01d123b20817668181862ca2.jpg, 1, 0
trial_000001052022_12_4_png.rf.3dd5837ad96cd57533b57fa6dd675c19.jpg, 1, 0
11_56596_jpg.rf.415fb454f441a5e06da62201b73c7291.jpg, 1, 0
11_11815_jpg.rf.3df15a32a39410f154175c5bbdd6e79e.jpg, 1, 0
WIN_20230226_16_11_43_Pro_jpg.rf.3a451c1735cf8ec6e6c371095723cd52.jpg, 1, 0
601_png.rf.400a5cd9c8e7a08ef8e1c4602661cbc4.jpg, 0, 1
18_99086_jpg.rf.40a5b8bb73683dca2a3ad09157cd380d.jpg, 0, 1
14_80842_jpg.rf.429af34e8bc7c4b9ac8b48c2642c66db.jpg, 0, 1
12_23693_jpg.rf.4250565eef3819a4b3e58983749d4ae4.jpg, 1, 0
601_png.rf.42c5233e80155480c449cefd5a4cd7e6.jpg, 0, 1
11_69148_jpg.rf.3c527178d688cf6065611d5ab50e433b.jpg, 1, 0
6_50599_jpg.rf.3ef865971c47a246a13acdcaf20532cf.jpg, 0, 1
529_png.rf.41bfc2382e298fc5d303a208a454aead.jpg, 0, 1
1_39254_jpg.rf.44d73f2f96bff3512a6c6dc6b1beebae.jpg, 1, 0
18_50143_jpg.rf.3fd158e5585ce5db3a38f7c2d69f5f1d.jpg, 0, 1
14_60293_jpg.rf.439fcf2a644e8c82ff1e61d8165e4c96.jpg, 0, 1
trial_000002052022_1_0_png.rf.408a3aaa09b08265e943692bbf604f96.jpg, 0, 1
161_png.rf.4357bd99c66732b2cb3f13c3fe303931.jpg, 1, 0
6_59364_jpg.rf.4326cb7945ff20c2996fa967273f97b0.jpg, 0, 1
9_20779_jpg.rf.45118027f62705cc3a82922b19c2c708.jpg, 0, 1
11_40613_jpg.rf.48446284946b12105343fc047fae53c6.jpg, 0, 1
1_37148_jpg.rf.487dd362f23a166c84ffc722d86ab683.jpg, 1, 0
11_29324_jpg.rf.4472dc5336466927368a580d7259e6c2.jpg, 0, 1
562_png.rf.44f4ba2fdc14a4a31f141b0308925844.jpg, 0, 1
5_05285_jpg.rf.3ffc56b160d994748883aaa0dc994938.jpg, 1, 0
8_88511_jpg.rf.48ae9909d9df9a102216c92a7cbdc9c2.jpg, 0, 1
11_59115_jpg.rf.4c1682d80e75ec255a4d3a9e6dcb832d.jpg, 0, 1
16_83432_jpg.rf.4b7c8c5768366791d37fd36a5209e65a.jpg, 0, 1
trial_03052022-0000_24_1_png.rf.4750964f31edbdaa5db4a3ed4ecb8002.jpg, 1, 0
8_35861_jpg.rf.4c395d44f9436f9c011c190925662995.jpg, 1, 0
12_94113_jpg.rf.492949f67eae439d48c5deb09f2e4369.jpg, 1, 0
1_44941_jpg.rf.4f703d7b6dedf47b9ac6cbb8a0cb6d7b.jpg, 1, 0
15_51686_jpg.rf.4c346d2c8b7bf10f4e3e98293a159c9c.jpg, 1, 0
WIN_20230226_16_11_43_Pro_jpg.rf.4fe8157dbe66d87ea6451c2311843a83.jpg, 1, 0
10_93775_jpg.rf.4bcc9dcd3a85f789994730d742499469.jpg, 0, 1
3_38032_jpg.rf.50271e9150c3af3558d8738a3364bfb7.jpg, 1, 0
8_84783_jpg.rf.4e8020f237d2503a088af85ec02a731c.jpg, 0, 1
4_10877_jpg.rf.47d403ffdf01c1d4f75b8e98525a3461.jpg, 1, 0
5_37687_jpg.rf.4e57669a8c13d6676ddf1a725f017bae.jpg, 0, 1
trial_000002052022_2_1_png.rf.4b7eb8128b33ddd6f7da5d4a4d8ca1b1.jpg, 0, 1
514_png.rf.4fb339a8d13df20a4b3dd04f29355967.jpg, 0, 1
310_png.rf.5178725bbd99782a7e55396284b36105.jpg, 0, 1
13_68997_jpg.rf.4a236ee6cc6ec454470550a87ed8aec3.jpg, 0, 1
13_20226_jpg.rf.526ffa8decb9f74f12b85ccec41369be.jpg, 0, 1
445_png.rf.528dedcfaaaf745b12a45c9c839801fd.jpg, 0, 1
19_62034_jpg.rf.50ceca4de717a9f271710587dbf23a66.jpg, 1, 0
18_99086_jpg.rf.48d5869948381955a22e605f31db21b0.jpg, 0, 1
6_24506_jpg.rf.51f73375091df5f82caa1957185d4a79.jpg, 1, 0
16_03777_jpg.rf.506ff59486b23ba829b59eff672c4da6.jpg, 1, 0
2_28335_jpg.rf.53295d572aa4b2daadaa5e6504c854ee.jpg, 1, 0
trial_03052022-0000_2_0_png.rf.52ddfafd9f5863a1cda18b4f197c59af.jpg, 0, 1
6_47159_jpg.rf.53f896c59c6555f5d952f18830f2dd50.jpg, 0, 1
15_61407_jpg.rf.5338f6ca8bcb71627a763c3499d510d0.jpg, 0, 1
12_84222_jpg.rf.5483db46a582ef2dd61f148c0c00327f.jpg, 0, 1
9_20779_jpg.rf.538817b68c86353f4ba04ccdbbf3e87a.jpg, 0, 1
4_72572_jpg.rf.520cef58ce7913e28078ae890a5e0d15.jpg, 0, 1
6_16058_jpg.rf.531863f98cacdb75700962b0a90b3cf6.jpg, 1, 0
3_54598_jpg.rf.551afad5fcd61fe8492212295e07073e.jpg, 0, 1
14_25483_jpg.rf.54fdbe7eff7165ed828ff5fd8e88838c.jpg, 0, 1
19_64156_jpg.rf.5740ef56b2d5fea759d86f7c1fa140b3.jpg, 0, 1
trial_000001052022_12_4_png.rf.55228771ebda1d945aecff87b3e5058c.jpg, 1, 0
3_45224_jpg.rf.5624f20eb0c140eadfc35eb6c5d83daa.jpg, 1, 0
9_29935_jpg.rf.56142ac3b7f10f74d7cc58eee0e8cfca.jpg, 1, 0
12_50877_jpg.rf.5587afc20bfce4cb1b78fb4d8f2f2613.jpg, 0, 1
445_png.rf.55199090a74f00aaff32efe4b5dbc196.jpg, 0, 1
WIN_20230226_16_11_26_Pro_jpg.rf.57ee1588c311dc3240d706c08c30a8b5.jpg, 0, 1
12_71556_jpg.rf.5a58780c78e05237e3b386e41b6ca3ef.jpg, 0, 1
14_98292_jpg.rf.571e4bc57cfd739ad31bc216df447146.jpg, 1, 0
9_39177_jpg.rf.5974aea1538b8df7bea2d25ab4d93322.jpg, 1, 0
18_50143_jpg.rf.58f9c2671cd53bb7a27c8982ca1d6f6b.jpg, 0, 1
16_75434_jpg.rf.56e856dd226b00d9f9f4cfaaad5289d4.jpg, 0, 1
14_69082_jpg.rf.593843d60dcf272842fbbde46e3aa66a.jpg, 0, 1
trial_000002052022_1_0_png.rf.5aaf6dacfdeeabbcded99fe981df1ba1.jpg, 0, 1
10_93775_jpg.rf.597d9ba8258c7826a35a29389e09c3d7.jpg, 0, 1
1_54528_jpg.rf.576e6639fe54a6c9ea5216c6b9f054cd.jpg, 0, 1
16_84328_jpg.rf.58600aea3216ceeed24f0aaeb9fc83cf.jpg, 1, 0
WIN_20230226_16_11_43_Pro-2-_jpg.rf.59d15b931c77718a648d594a9949c5b5.jpg, 1, 0
206_png.rf.5b0dfe6cf02e558f118567ea1abb084e.jpg, 1, 0
1_37148_jpg.rf.5a6780760870e41103823b4e0991126f.jpg, 1, 0
11_22908_jpg.rf.5ee1de12f8627ec1e5e4232d5bdbfd34.jpg, 1, 0
381_png.rf.5fd7b153281abdf358d79b522edd618f.jpg, 1, 0
2_37557_jpg.rf.61a083808e72789bd012747e0c9cdb3b.jpg, 0, 1
10_49538_jpg.rf.5dbec275d25f6baf59bc4f3f1f9408ad.jpg, 0, 1
7_43463_jpg.rf.619258cac4369cb4401ff121a9ebc8e0.jpg, 1, 0
trial_03052022-0000_2_0_png.rf.624a6910f2dbf2246b26f5077cecb665.jpg, 0, 1
8_50074_jpg.rf.659751abb698cd259af1734c5014a6e0.jpg, 0, 1
13_52773_jpg.rf.5f402bc421a05b7b123739610b4b18e2.jpg, 0, 1
15_61407_jpg.rf.6546f5e997150b14df9c9b5096edd2c7.jpg, 0, 1
18_99086_jpg.rf.67e6feffee3f4f1438e3c0bb510f9702.jpg, 0, 1
6_47159_jpg.rf.65ebcbb67868b9f630a2d5088a1faa35.jpg, 0, 1
7_08933_jpg.rf.6783f0af289c5c9fc58b774d21049d20.jpg, 0, 1
12_94113_jpg.rf.633d1ac88041ea8e1160e715460032b7.jpg, 1, 0
3_18485_jpg.rf.66e6d248b52a1e333c4e8ffa781655a5.jpg, 1, 0
WIN_20230226_16_11_12_Pro_jpg.rf.68c5cfff63e68ca958234c36b6f9fa6f.jpg, 0, 1
5_04774_jpg.rf.61e8d9e74d4bf597df3abff08ac64cfd.jpg, 0, 1
481_png.rf.667f95e4381432f8de201a0f18e0148d.jpg, 0, 1
11_86977_jpg.rf.6a53cffa948659908ec3a6e126688c35.jpg, 1, 0
14_00865_jpg.rf.6179f409be1a38bbe1e1dae6f7dec2f3.jpg, 1, 0
11_63462_jpg.rf.69fea6330c65b48aa593844585942306.jpg, 0, 1
17_65299_jpg.rf.5c6096cffc58537486ed7b0203885ec0.jpg, 0, 1
5_56517_jpg.rf.69decbe4052726bc67927775e44d4f41.jpg, 0, 1
12_94113_jpg.rf.68cfc822dd9f4473a7bbbb830a86e199.jpg, 1, 0
5_53106_jpg.rf.652f1a9a1de3597de10918b51da4f914.jpg, 0, 1
5_42231_jpg.rf.6a2e20e536f0de3276fac9e36decd4b6.jpg, 0, 1
11_59115_jpg.rf.6edc7945f2bc01adf4798f5933af5aa7.jpg, 0, 1
406_png.rf.6be3a525e10b1cfa261db7dea8f022dc.jpg, 0, 1
WIN_20230226_16_11_43_Pro-2-_jpg.rf.6eef456b3db49d262be0022b49f0cd2d.jpg, 1, 0
4_27674_jpg.rf.6e846a28e7ec698e8ac2ab0e3028393a.jpg, 0, 1
17_14317_jpg.rf.75f4eb43f03cd4374270a7d35703bcfb.jpg, 1, 0
trial_000001052022_19_8_png.rf.6e95d6e2bc9620fd4b3947c12f2b351f.jpg, 1, 0
6_50599_jpg.rf.70aebd6d56ea064297e800d50f624a94.jpg, 0, 1
3_53795_jpg.rf.70dc8dc6286df0ae5cc592cdf889b3cd.jpg, 0, 1
286_png.rf.74f2735085d437dbf55c42896560a2e4.jpg, 1, 0
17_29866_jpg.rf.6fae42474e011558d4ac38dfcf05214f.jpg, 0, 1
trial_000001052022_15_1_png.rf.75ed6dfa6c155a19ba79ab7a8c83e796.jpg, 0, 1
trial_000001052022_19_8_png.rf.724f67b865436a79d6ab7da10eea0129.jpg, 1, 0
trial_000002052022_11_9_png.rf.75080e716d5150e6f64da25f4a7bdaf3.jpg, 1, 0
trial_000002052022_2_1_png.rf.72365982f199fed600620fb8b6959f30.jpg, 0, 1
6_03982_jpg.rf.75e2533ff61e793fab0c4501fc94f240.jpg, 1, 0
10_86796_jpg.rf.6f085ced042e7c5f8831d12066d8cd8d.jpg, 1, 0
trial_03052022-0000_24_1_png.rf.748adb88e78a0513473165a6bb46d818.jpg, 1, 0
11_86977_jpg.rf.73ec699316a089dcb38a035cc9745d50.jpg, 1, 0
7_64004_jpg.rf.7284331fd53abb1c49d77e41918068c6.jpg, 1, 0
3_45224_jpg.rf.714887ee91d439dd8b646836cba44463.jpg, 1, 0
WIN_20230226_16_12_21_Pro_jpg.rf.71b93c22b8e86a58d76e293aaf4b64d7.jpg, 1, 0
1_64918_jpg.rf.70f34a8147c07fa90a914ef6b6cee674.jpg, 1, 0
2_85454_jpg.rf.6c888c02001a7a1fb05535cd7d8b6c08.jpg, 0, 1
8_57358_jpg.rf.72b0ac85daf697059eb0999d3cb51068.jpg, 1, 0
15_93074_jpg.rf.76a246d607699045e70045233f3523c7.jpg, 0, 1
6_24506_jpg.rf.6f6dc508b616ffb33372a8f8e125378d.jpg, 1, 0
2_19775_jpg.rf.7656d04d0155e8ca142c3025dd678de0.jpg, 0, 1
trial_000001052022_12_4_png.rf.7958ac59bfb47fd96232594652656c03.jpg, 1, 0
10_-6052_jpg.rf.79f9938a7b5d0ea8f6e15758858e7b71.jpg, 0, 1
8_57358_jpg.rf.7c2306eee065dcfdcaf1114eac354d35.jpg, 1, 0
9_55297_jpg.rf.7e976c184938fac82ffe3f364f76aeb8.jpg, 1, 0
12_84222_jpg.rf.77dc9caaf8744056cc7550fc39bd201a.jpg, 0, 1
WIN_20230226_16_10_46_Pro_jpg.rf.7e84c9f8284f25cbce28e0bb86a7b8e0.jpg, 0, 1
12_23693_jpg.rf.7e5772917e776a5aeb53d6b9539f4ea6.jpg, 1, 0
4_08205_jpg.rf.77ff499ba3e6f4a85883dfd2c8537a73.jpg, 1, 0
2_36906_jpg.rf.7b8065712301727d68014a1a5bd9193e.jpg, 0, 1
WIN_20230226_16_11_11_Pro_jpg.rf.7f198c675b735f56124ac04d9f2b7072.jpg, 0, 1
13_44847_jpg.rf.7f557f03ca5586a71ecfda8014e563de.jpg, 0, 1
7_64004_jpg.rf.7f0b691cab3831e9cf3bc16a173aaf05.jpg, 1, 0
238_png.rf.7ed11784820349c14f1d392e1bd0210c.jpg, 0, 1
9_74481_jpg.rf.7a04ad5bf2f5eb4eb89bb87672e42d9e.jpg, 0, 1
11_86977_jpg.rf.76fbb9777fa93a9078d5315b9f92636e.jpg, 1, 0
14_25483_jpg.rf.78385ec5e0b438cccbbf5dab4e89b16c.jpg, 0, 1
5_56517_jpg.rf.793d6136acea0a17b31f551a48b0e226.jpg, 0, 1
12_06336_jpg.rf.7f3d41203e8f0e0ef7cb13c173a035fe.jpg, 0, 1
WIN_20230226_16_11_10_Pro_jpg.rf.7f3a71eb932fa7e2a7bc14a68b1faf17.jpg, 0, 1
3_30299_jpg.rf.7ab7a82d565c38dc23f380e657b5f829.jpg, 0, 1
trial_01052022_1_0_png.rf.7b7c419c66cfc0f71f9461eafdbd318b.jpg, 0, 1
529_png.rf.7fd497bae765b8b77fd8c9345abbc03d.jpg, 0, 1
10_-6052_jpg.rf.7ffed322bc69db87c99306db61ceb585.jpg, 0, 1
3_45224_jpg.rf.829e42e8f57227ba2827a2937e92b9d0.jpg, 1, 0
9_29935_jpg.rf.835c18671bedc5a74645e0ffc8de12e3.jpg, 1, 0
7_08933_jpg.rf.843543460f2140f84f781c9269233ab2.jpg, 0, 1
381_png.rf.8032185d068c68d540043f619249fa2f.jpg, 1, 0
17_15785_jpg.rf.82f74c819a0d4bdb1badff631638318d.jpg, 0, 1
9_15924_jpg.rf.839fa89a97e7172f23a1b598d4634ee6.jpg, 1, 0
trial_000001052022_15_1_png.rf.797a8ba1ea6c61ed82b8a6a68ed83c14.jpg, 0, 1
445_png.rf.8428cf3a449810dac7dc74de3b523e04.jpg, 0, 1
WIN_20230226_16_11_17_Pro_jpg.rf.893b982cf7b3b4645de6bcfaa8c89bef.jpg, 0, 1
WIN_20230226_16_11_44_Pro_jpg.rf.8964f90a5cf2df0d760cd074c0dcb15e.jpg, 1, 0
406_png.rf.86568d58363c25336934b1a0b191ea9c.jpg, 0, 1
3_90867_jpg.rf.89479c0564d67680b95299bf70a3b2df.jpg, 0, 1
11_56596_jpg.rf.87867b62a25d85260ad238420f34439e.jpg, 1, 0
trial_000002052022_3_1_png.rf.89776350dd9bd426317e3c6464b8f5d5.jpg, 0, 1
10_27076_jpg.rf.86633e6d6ddd4b2afc4f03f860bae424.jpg, 1, 0
14_08836_jpg.rf.88437951cb7adde19d987afbb5135b49.jpg, 1, 0
310_png.rf.8a55139a17e495358d5388856d15ec7b.jpg, 0, 1
trial_000001052022_18_8_png.rf.8671093f991fe7f02210185074911b5e.jpg, 1, 0
562_png.rf.89986d86ed3eb881feefe9749ab2ed27.jpg, 0, 1
3_92031_jpg.rf.8590fc402be9fbf448cd5c43c3c3a6bb.jpg, 1, 0
trial_03052022-0000_2_0_png.rf.8889b902852aa3119e6bb056f8301c47.jpg, 0, 1
trial_000002052022_15_9_png.rf.87a36d80a5dd8256b219d090d8730518.jpg, 1, 0
WIN_20230226_16_11_44_Pro_jpg.rf.89ba5f80b91c2c0beb8977460a0b5dde.jpg, 1, 0
10_49538_jpg.rf.8b124fc22af7232c6491bb537d8e6c3c.jpg, 0, 1
4_00842_jpg.rf.8cbca7465418be1ccc4417434f9ff0f0.jpg, 1, 0
11_29324_jpg.rf.8c5828d9610259961c9ed7326414cea9.jpg, 0, 1
3_53795_jpg.rf.87c67a0bc58c9ac803765a15cdd4c5e5.jpg, 0, 1
8_35861_jpg.rf.8f39c5a5645e56f84d08f6910cdf3fb1.jpg, 1, 0
1_64918_jpg.rf.8d894b5b15a42a604d65c928686028d6.jpg, 1, 0
10_27076_jpg.rf.8b5b46b01f879a6f1c8bd7de9684b45c.jpg, 1, 0
WIN_20230226_16_11_43_Pro_jpg.rf.8faf390f6ae4c106a82d18507172f86c.jpg, 1, 0
3_30299_jpg.rf.905f5b6afd55eddaf5ac92fce8a854bc.jpg, 0, 1
1_11102_jpg.rf.8da5c679761f41376569c67d1a5d5037.jpg, 0, 1
11_22908_jpg.rf.90998ee5dea2a1dc709522e6572f8a41.jpg, 1, 0
310_png.rf.8da8d82b335067337b96dcd04fd172e1.jpg, 0, 1
9_44735_jpg.rf.8d227023ea36f89eadbb32c63bed72cc.jpg, 1, 0
5_98572_jpg.rf.9059af7a7fe40b53ce0e303987903e49.jpg, 1, 0
1_40356_jpg.rf.8df7eb82da8b5c202186ef489761fbc9.jpg, 0, 1
12_30396_jpg.rf.8d970252d8efcb1725306b31e1df5608.jpg, 0, 1
16_75434_jpg.rf.8fe34fcfa7b6aebb193cfd3710dfa7c9.jpg, 0, 1
11_11815_jpg.rf.90feba746fe8fbeea3d9a82f9fd22ad3.jpg, 1, 0
13_52773_jpg.rf.8a8f68f9ac5e1a8dd9861deb4bfd42a5.jpg, 0, 1
5_37687_jpg.rf.8f6c7f8c3b267c9808595efa5f24f6a1.jpg, 0, 1
10_95723_jpg.rf.91b5366be51e9363bd2b979f921cef0a.jpg, 1, 0
12_71556_jpg.rf.8e876c60b40c21ea2710c0f4cd0a7e9b.jpg, 0, 1
10_png.rf.90eced913707ea5f1b04ac9cda18f2f0.jpg, 1, 0
9_29935_jpg.rf.90dd5f775052885c7c4b0cff3fa75f11.jpg, 1, 0
254_png.rf.8ea52f040a8ec8e3faa30d6652e878fc.jpg, 1, 0
14_80842_jpg.rf.8e4b7f5ef45f79f0e387cca86a4b2e01.jpg, 0, 1
6_22397_jpg.rf.91194ecb9231d64caf648f86dd9d245f.jpg, 0, 1
481_png.rf.8c6615a230432373bd06e16f74923d09.jpg, 0, 1
trial_000002052022_3_1_png.rf.931362dbdccdb4917d45e1f467791ed4.jpg, 0, 1
15_17665_jpg.rf.91cb044e92b16a189b7ad2d323b55fca.jpg, 0, 1
366_png.rf.94e84591a07389a3b89680142328c094.jpg, 0, 1
2_41767_jpg.rf.937ba6345356232eeada30d10362646c.jpg, 0, 1
1_54528_jpg.rf.94601aa40874046a72f1521408650124.jpg, 0, 1
8_79412_jpg.rf.94b1a260416fec753dc309f6f5e6bf85.jpg, 0, 1
trial_000001052022_18_7_png.rf.95f1de9e873693fe7f35a7bac4bf3a12.jpg, 1, 0
4_08205_jpg.rf.9221ee79f54db799577edd9804fb0350.jpg, 1, 0
2_24753_jpg.rf.9797fddba26024085c37c13422256014.jpg, 1, 0
2_92624_jpg.rf.9702ac99f8d9b4997f9220accbc78145.jpg, 0, 1
5_37687_jpg.rf.9598bf3b44ef2da71699a9dff25d66ed.jpg, 0, 1
4_08205_jpg.rf.97a958b95a54c9ad2e9694ed95d54350.jpg, 1, 0
318_png.rf.943da0403cfb26765e5b0cdf522ddcb3.jpg, 0, 1
359_png.rf.9a0fc1c6a2a2daca99ae4a8ae1bfd5a5.jpg, 0, 1
1_10798_jpg.rf.9992fc3acb07635bec2d9fe67d80182f.jpg, 0, 1
13_68997_jpg.rf.98dc0ef6e8a7516e57d2e0fb736103b1.jpg, 0, 1
15_08833_jpg.rf.928c66a1044c184c960a0d11b23d061a.jpg, 1, 0
6_16058_jpg.rf.97509651a1347fa57d29c90516f08373.jpg, 1, 0
WIN_20230226_16_11_10_Pro_jpg.rf.990f4dea28d76969d02e6747e6e4d4cd.jpg, 0, 1
15_17665_jpg.rf.9a28e0613561821b7e5e9373a40e50c5.jpg, 0, 1
13_77993_jpg.rf.99737343976f21e3ca4374bc97b4167f.jpg, 1, 0
1_54528_jpg.rf.9a1b01924654e6cd6130b32f292e971d.jpg, 0, 1
8_79412_jpg.rf.9c60461e725786ecef2fcdc53edae7e4.jpg, 0, 1
14_38975_jpg.rf.9b0f9853d65494375c1f47e75c970422.jpg, 0, 1
11_63462_jpg.rf.9c9c62a681ac931a511a70ae72128473.jpg, 0, 1
8_24164_jpg.rf.9cbad4c96c1884ac08043dbf749effa3.jpg, 1, 0
trial_000002052022_11_9_png.rf.9db450916920ba22df5717bdf797596e.jpg, 1, 0
2_36906_jpg.rf.99892d541f7dfc2cf4cdd53b20618663.jpg, 0, 1
12_50877_jpg.rf.9e1738cd8b2e58436b27eb0382ac9eff.jpg, 0, 1
3_82044_jpg.rf.9dfd223e910cafd313c930da143a2b12.jpg, 0, 1
11_22908_jpg.rf.a0478bb92e02ddb69be367cbab88634f.jpg, 1, 0
12_23693_jpg.rf.a040bde8473e6ad6d8a813b62546d800.jpg, 1, 0
17_15785_jpg.rf.9eb6b945e494be42439054dc13c90f00.jpg, 0, 1
1_39254_jpg.rf.9e35d0c455d0031c969838aaf1536bdc.jpg, 1, 0
4_00842_jpg.rf.9f6923d13ba1483953c9bad73513b138.jpg, 1, 0
2_19775_jpg.rf.9dac7cff4d269b37c2e4de038027d644.jpg, 0, 1
366_png.rf.9f9e214698109dea2dd6ba42ec777028.jpg, 0, 1
13_96569_jpg.rf.a2df9541afdf76be889fc68f0d39e064.jpg, 1, 0
14_60293_jpg.rf.a10e3e70bc7dfa2664f843ae6e37e3b9.jpg, 0, 1
16_75434_jpg.rf.a01c03c996c3d21cf803b40412588ed7.jpg, 0, 1
WIN_20230226_16_11_10_Pro_jpg.rf.a11ae177e6be7e10bc4f63abb1d2b8d4.jpg, 0, 1
trial_000002052022_3_1_png.rf.a142c72d79b2b843b6563cdbd9bf7b75.jpg, 0, 1
6_22397_jpg.rf.a2585efffe466d11a34d027e8806bbbf.jpg, 0, 1
5_53106_jpg.rf.a96f9ea792f6bbacf168a8b9257dcd4f.jpg, 0, 1
16_03777_jpg.rf.a5537875f283f852ea6ea03213364a77.jpg, 1, 0
13_20226_jpg.rf.a87bc8a0707996b621a2dbcb886206eb.jpg, 0, 1
10_95723_jpg.rf.a841b7288ad3289bd9f77b2ef6e41dcc.jpg, 1, 0
14_98292_jpg.rf.a8ff91dae664f374ed18ed93efb6b0b2.jpg, 1, 0
WIN_20230226_16_10_46_Pro_jpg.rf.a5cdf3210ea96465954d4451b6fde2e8.jpg, 0, 1
13_52773_jpg.rf.a07465fff4095efe1326e8d4e97e587c.jpg, 0, 1
8_06272_jpg.rf.a99ddfdfab464c5ef5b49862f83bf8a1.jpg, 0, 1
4_10877_jpg.rf.a8ace1a2d52fb6f6d3de30e18f9600e6.jpg, 1, 0
5_05285_jpg.rf.a17aca32cef9cf65125ebca151edeb31.jpg, 1, 0
15_08833_jpg.rf.a85b4768d711624ee344eb5e392e9b96.jpg, 1, 0
6_24506_jpg.rf.a4c63944646382ebd4bb97a868948f67.jpg, 1, 0
trial_000001052022_19_8_png.rf.ab96d442d3bb6d61cfc8178fdb4cd7a3.jpg, 1, 0
19_64156_jpg.rf.abd4456f0bb300eecd0c1ec4799bff07.jpg, 0, 1
9_44735_jpg.rf.af5da1e6ceca7a441aca783424b55009.jpg, 1, 0
3_79006_jpg.rf.a54e84b488365bfc1aa8b5d2b4235ce2.jpg, 1, 0
trial_000002052022_15_9_png.rf.a769f11a6353f0b316040ed2baaf9abc.jpg, 1, 0
7_43463_jpg.rf.ac71051054c69773c4fc746fb043163c.jpg, 1, 0
202_png.rf.af016d53b299840989d492b798bc8d70.jpg, 1, 0
12_71556_jpg.rf.afc536fcc0341ba78249770f7fa0f3f0.jpg, 0, 1
366_png.rf.a9d7f8156e7e984623dd561d8ce9c58f.jpg, 0, 1
10_86796_jpg.rf.af9b544c29ae328c489c2e3f6a3e1300.jpg, 1, 0
WIN_20230226_16_11_43_Pro-2-_jpg.rf.af30145d774251bacad3e7aa9d6448cf.jpg, 1, 0
14_38975_jpg.rf.b0de406ab410fcd5c97e6b6f0621a7ac.jpg, 0, 1
9_91813_jpg.rf.b093340f576c6026383e54d817b34a94.jpg, 0, 1
161_png.rf.b392d1aeca75f48e032ab8bcb8076b77.jpg, 1, 0
17_15785_jpg.rf.b1d224fda021c8d04c3d809f9389dbcb.jpg, 0, 1
601_png.rf.b448b65909d88e35697ee45effc2f653.jpg, 0, 1
17_04457_jpg.rf.b19bf39c313ea61056066236b205a4f5.jpg, 1, 0
trial_03052022-0000_7_1_png.rf.b1860c1e9d381c346014dd6637a8631b.jpg, 1, 0
13_94063_jpg.rf.b3a149dfff0795617e23c9e880650878.jpg, 1, 0
11_09204_jpg.rf.b3533a18033aca1dab1f49e9efdf43ff.jpg, 0, 1
11_40613_jpg.rf.b53f2bf7df6e1ebd4b964a0104f1ff6e.jpg, 0, 1
3_38032_jpg.rf.b4e811657952d209bf0df2f230ff565c.jpg, 1, 0
15_63611_jpg.rf.b2d1f72b04b842a0ea95243f5b369954.jpg, 1, 0
9_39177_jpg.rf.b0d65c6931c117ad668ca2089cd5c174.jpg, 1, 0
3_77094_jpg.rf.b0ea3b5ca5170a80395a6c3690a56ddf.jpg, 0, 1
14_40417_jpg.rf.b459d003950200cfecf92432e128b80a.jpg, 0, 1
10_19922_jpg.rf.b4124033806a369c09f5a2dc8326d780.jpg, 1, 0
3_53795_jpg.rf.b60692ac0fc12c42b8d006259ad57850.jpg, 0, 1
WIN_20230226_16_11_59_Pro_jpg.rf.b3812897ddbf4bc545be1ef8219770cd.jpg, 1, 0
2_28335_jpg.rf.b630a54ebfa2f69faf92bc9a1d1ca055.jpg, 1, 0
trial_03052022-0000_3_5_png.rf.b338f749cbc76d4206f7cdfda382efec.jpg, 1, 0
WIN_20230226_16_11_54_Pro_jpg.rf.b51558cdddd0a19ddb94654c3c3923df.jpg, 1, 0
13_68997_jpg.rf.b3df9b6c5f9a6f5a9c052501fa08e798.jpg, 0, 1
3_54598_jpg.rf.b7fd916c76bf2889d045d691fdb449c5.jpg, 0, 1
9_55297_jpg.rf.b6d6dde895736777dd05045708c2e20a.jpg, 1, 0
15_51686_jpg.rf.b7d03f1663ca78f03791101d9008f85b.jpg, 1, 0
9_91813_jpg.rf.b85c91a50a32252858eb654c979e2ec4.jpg, 0, 1
trial_000001052022_15_6_png.rf.afd1fb5eacd9743a9c84af570775fd0e.jpg, 1, 0
318_png.rf.b96ee8202656d1c46078b0c9d1a2eef4.jpg, 0, 1
394_png.rf.b7178240de1cc52e3a9dfaa6e1a2d719.jpg, 0, 1
1_39254_jpg.rf.bb6e5a8898cd1c2a9413771a19442316.jpg, 1, 0
9_44735_jpg.rf.b86e77f0aeb2504d437e2808a657d8f3.jpg, 1, 0
3_18485_jpg.rf.bbf6d876c96e3526746c65060d7bc3e9.jpg, 1, 0
8_35861_jpg.rf.beb40702a5db7e721e038afe46c86e5a.jpg, 1, 0
16_53522_jpg.rf.b7eb69862a5d344140ac77b891b297eb.jpg, 0, 1
trial_000001052022_18_7_png.rf.bd5e9c5990c30795126cc5b7e35eff96.jpg, 1, 0
10_49538_jpg.rf.b8c1373fb3e852b850c72feecf3cbcdd.jpg, 0, 1
3_17205_jpg.rf.bdbd1ea1b13be65e1bea89532bf308d6.jpg, 0, 1
14_98292_jpg.rf.bf83843376591e888cbb6589961ea8ad.jpg, 1, 0
WIN_20230226_16_11_17_Pro_jpg.rf.be3a931af74a1e046d69415b1616ad41.jpg, 0, 1
277_png.rf.bf69685ddb07498fb6e677572f331623.jpg, 0, 1
14_60293_jpg.rf.b206851f176bff2d80c8b0cf89a3f0e3.jpg, 0, 1
8_50074_jpg.rf.c2609adbdfc740099f16c23b249fa665.jpg, 0, 1
12_30396_jpg.rf.b8e828e7866f66ae4f9034ba3047556d.jpg, 0, 1
5_04774_jpg.rf.c0fd7c042d9a715f21c4e666e3d7b867.jpg, 0, 1
4_27674_jpg.rf.bac81258fd4f7918370b33286365330e.jpg, 0, 1
16_84328_jpg.rf.c401e4753053c6f6265fc37f01c1a158.jpg, 1, 0
9_20779_jpg.rf.c2d7727bc888951ec4fac184a1e440ec.jpg, 0, 1
217_png.rf.c426c0ae692b9d100056003bdb647dcb.jpg, 1, 0
15_61407_jpg.rf.b9704d17745d126e89008038bfabdadc.jpg, 0, 1
11_40613_jpg.rf.c498cf65f96724a863d0b79e990f2757.jpg, 0, 1
15_63611_jpg.rf.c2168b8f678536ed8dd705c86118fa59.jpg, 1, 0
202_png.rf.bfb807a669d6391403c07b092abdbe5e.jpg, 1, 0
WIN_20230226_16_11_12_Pro_jpg.rf.c1b9ec594e929f5867b411bb29e6bd18.jpg, 0, 1
trial_03052022-0000_7_1_png.rf.c4bd8d313010f379f2bc5f9b02d051d5.jpg, 1, 0
trial_000001052022_18_8_png.rf.c113b9e63343b23202e6702042d18e4c.jpg, 1, 0
161_png.rf.c5fd38c9e5d0882040cb78b256d2ea4a.jpg, 1, 0
4_72572_jpg.rf.c3bad40a9cecc1973fa4e99f9aaf718d.jpg, 0, 1
3_77094_jpg.rf.bd648e5d3e6d7142408e57316641a926.jpg, 0, 1